{"cameraMode":{"drawMode":0,"name":"Shaded","section":"Shading Mode"},"sceneLighting":false,"audioPlay":false,"sceneViewState":{"showFog":true,"showMaterialUpdate":true,"showSkybox":true,"showFlares":true,"showImageEffects":true,"showParticleSystems":true},"in2DMode":false,"pivot":{"x":-9.13564682006836,"y":4.4153923988342289,"z":-3.220451831817627},"rotation":{"x":0.1360541582107544,"y":0.8535247445106506,"z":-0.2764420211315155,"w":0.4202307164669037},"size":24.445058822631837,"orthographic":false}