{"cameraMode":{"drawMode":0,"name":"Shaded","section":"Shading Mode"},"sceneLighting":false,"audioPlay":false,"sceneViewState":{"showFog":true,"showMaterialUpdate":true,"showSkybox":true,"showFlares":true,"showImageEffects":true,"showParticleSystems":true},"in2DMode":false,"pivot":{"x":-1.7646889686584473,"y":-0.42577269673347475,"z":5.191781044006348},"rotation":{"x":0.7697839140892029,"y":-0.1121474876999855,"z":0.14106245338916779,"w":0.6123796701431274},"size":2.5758326053619386,"orthographic":false}