{"cameraMode":{"drawMode":0,"name":"Shaded","section":"Shading Mode"},"sceneLighting":false,"audioPlay":false,"sceneViewState":{"showFog":true,"showMaterialUpdate":true,"showSkybox":true,"showFlares":true,"showImageEffects":true,"showParticleSystems":true},"in2DMode":false,"pivot":{"x":150.6117706298828,"y":-138.91273498535157,"z":-137.74118041992188},"rotation":{"x":-0.11906886100769043,"y":-0.8730277419090271,"z":0.26546603441238406,"w":-0.391421377658844},"size":264.1271667480469,"orthographic":false}