{"cameraMode":{"drawMode":0,"name":"Shaded","section":"Shading Mode"},"sceneLighting":false,"audioPlay":false,"sceneViewState":{"showFog":true,"showMaterialUpdate":true,"showSkybox":true,"showFlares":true,"showImageEffects":true,"showParticleSystems":true},"in2DMode":false,"pivot":{"x":-0.20740985870361329,"y":1.573114275932312,"z":3.357273578643799},"rotation":{"x":0.08193948864936829,"y":0.9149860739707947,"z":0.31615784764289858,"w":-0.23704783618450166},"size":7.786284923553467,"orthographic":false}