{"cameraMode":{"drawMode":0,"name":"Shaded","section":"Shading Mode"},"sceneLighting":false,"audioPlay":false,"sceneViewState":{"showFog":true,"showMaterialUpdate":true,"showSkybox":true,"showFlares":true,"showImageEffects":true,"showParticleSystems":true},"in2DMode":false,"pivot":{"x":-9.13564682006836,"y":4.4153923988342289,"z":-3.220451831817627},"rotation":{"x":0.18008777499198914,"y":0.745257556438446,"z":-0.22298666834831239,"w":0.6020496487617493},"size":24.445058822631837,"orthographic":false}