{"cameraMode":{"drawMode":0,"name":"Shaded","section":"Shading Mode"},"sceneLighting":false,"audioPlay":false,"sceneViewState":{"showFog":true,"showMaterialUpdate":true,"showSkybox":true,"showFlares":true,"showImageEffects":true,"showParticleSystems":true},"in2DMode":false,"pivot":{"x":1.5394775867462159,"y":2.889974594116211,"z":-1.7266043424606324},"rotation":{"x":-0.0020234452094882728,"y":0.7386057376861572,"z":0.002215150510892272,"w":0.6741371750831604},"size":41.30540466308594,"orthographic":false}