{"cameraMode":{"drawMode":0,"name":"Shaded","section":"Shading Mode"},"sceneLighting":false,"audioPlay":false,"sceneViewState":{"showFog":true,"showMaterialUpdate":true,"showSkybox":true,"showFlares":true,"showImageEffects":true,"showParticleSystems":true},"in2DMode":false,"pivot":{"x":-15.638028144836426,"y":8.897682189941407,"z":7.784632205963135},"rotation":{"x":-0.1644151210784912,"y":-0.7245755791664124,"z":0.18514791131019593,"w":-0.6432119011878967},"size":11.342323303222657,"orthographic":false}